"","Estimate","Est.Error","Q2.5","Q97.5"
"Intercept[1]",0.0958172646361971,0.232085083849927,-0.362974065782781,0.561919581408465
"Intercept[2]",4.38851290797739,0.403419310118123,3.64501057291381,5.18154899330415
"Intercept[3]",9.37939639019994,0.713671024937447,8.00671846836317,10.7915643496816
"gender",-1.22565147368529,0.237377528651307,-1.67769611129055,-0.759514370122644
"diagnosis_age",3.82821006042279,0.292340886730573,3.27915466572146,4.41955633682671
"time_since_diagnosis",0.935010857803166,0.0718728353762476,0.795727344197244,1.0795089888934
