"","Estimate","Est.Error","Q2.5","Q97.5"
"Intercept[1]",0.0511689298698325,0.235888651829439,-0.426065519657857,0.511599202275394
"Intercept[2]",4.49834847570178,0.395728296899348,3.74162714868854,5.28564237830617
"Intercept[3]",9.64078887112575,0.692719546943401,8.37153999418898,11.0773579647773
"gender",-1.26455201451469,0.248402863514041,-1.75807558131979,-0.779066155279245
"diagnosis_age",3.94010077817651,0.289347429392758,3.39605754481471,4.53198574824216
"time_since_diagnosis",0.961897249813483,0.0707794572585508,0.830706645308197,1.10670063148603
