"","subtype.Estimate.time_since_diagnosis","subtype.Est.Error.time_since_diagnosis","subtype.Q2.5.time_since_diagnosis","subtype.Q97.5.time_since_diagnosis","subtype.Estimate.Intercept.1.","subtype.Est.Error.Intercept.1.","subtype.Q2.5.Intercept.1.","subtype.Q97.5.Intercept.1.","subtype.Estimate.Intercept.2.","subtype.Est.Error.Intercept.2.","subtype.Q2.5.Intercept.2.","subtype.Q97.5.Intercept.2.","subtype.Estimate.Intercept.3.","subtype.Est.Error.Intercept.3.","subtype.Q2.5.Intercept.3.","subtype.Q97.5.Intercept.3.","subtype.Estimate.gender","subtype.Est.Error.gender","subtype.Q2.5.gender","subtype.Q97.5.gender","subtype.Estimate.diagnosis_age","subtype.Est.Error.diagnosis_age","subtype.Q2.5.diagnosis_age","subtype.Q97.5.diagnosis_age"
"0",1.02874563687382,0.0919873250156548,0.858536967397759,1.21043067400658,-0.014817850360327,0.305646097233788,-0.616227556554537,0.578002592483741,-4.99219001631243,0.507259735249755,-6.00927427389841,-4.05994775769414,-10.4924226055204,0.899007065965211,-12.3223243587414,-8.82096663085973,-1.22367860456421,0.287884664474382,-1.81378077874105,-0.677935682418535,4.05002821227615,0.347624887499094,3.41181652671989,4.7328289272753
"1",2.04870529019352,0.178664852507232,1.71673181230116,2.41734383658841,-0.0144257760879143,0.358888428767872,-0.732011008126763,0.696471859636561,-4.99179794204001,0.539916379227644,-6.09642425636152,-3.9960983937437,-10.492030531248,0.918398690782995,-12.3716526635079,-8.81875198227051,-1.22367860456421,0.287884664474382,-1.81378077874105,-0.677935682418535,4.05002821227615,0.347624887499094,3.41181652671989,4.7328289272753
"2",-0.966419209457441,0.16683829251695,-1.31296599138518,-0.655525162095984,0.44526814116697,0.515293632840195,-0.455850483644281,1.59017336563889,-4.53210402478513,0.640976681804763,-5.78682911780504,-3.28279127656159,-10.0323366139931,0.943636930924858,-11.9097941684715,-8.32158142955654,-1.22367860456421,0.287884664474382,-1.81378077874105,-0.677935682418535,4.05002821227615,0.347624887499094,3.41181652671989,4.7328289272753
