"","Estimate","Est.Error","Q2.5","Q97.5"
"Intercept[1]",-0.107770764526236,0.537837921475094,-1.22565007790387,0.893769596043938
"Intercept[2]",4.86960140142586,0.681943006493161,3.45100882808347,6.16693697654439
"Intercept[3]",10.3698339906339,1.00092015714869,8.31632298911932,12.3007042549436
"gender",-1.22367860456421,0.287884664474382,-1.81378077874105,-0.677935682418535
"diagnosis_age",4.05002821227615,0.347624887499094,3.41181652671989,4.7328289272753
"time_since_diagnosis",1.0257123818231,0.461909079813541,0.137751369052005,2.02923490552988
