"","subtype.Estimate.time_since_diagnosis","subtype.Est.Error.time_since_diagnosis","subtype.Q2.5.time_since_diagnosis","subtype.Q97.5.time_since_diagnosis","subtype.Estimate.Intercept.1.","subtype.Est.Error.Intercept.1.","subtype.Q2.5.Intercept.1.","subtype.Q97.5.Intercept.1.","subtype.Estimate.Intercept.2.","subtype.Est.Error.Intercept.2.","subtype.Q2.5.Intercept.2.","subtype.Q97.5.Intercept.2.","subtype.Estimate.Intercept.3.","subtype.Est.Error.Intercept.3.","subtype.Q2.5.Intercept.3.","subtype.Q97.5.Intercept.3.","subtype.Estimate.gender","subtype.Est.Error.gender","subtype.Q2.5.gender","subtype.Q97.5.gender","subtype.Estimate.diagnosis_age","subtype.Est.Error.diagnosis_age","subtype.Q2.5.diagnosis_age","subtype.Q97.5.diagnosis_age"
"0",1.04338264893431,0.0917373696276936,0.871912288780802,1.23053144483744,-0.0200257614584574,0.302745249017951,-0.614566288622809,0.565672107535015,5.03091922795727,0.510670476346472,4.05462331355095,6.07468561134022,10.666711858971,0.889942321076414,9.02780662149925,12.5294736670577,-1.22354688175616,0.278256788236927,-1.78373409970185,-0.708582311677503,4.12309825507868,0.338707578029497,3.48388719479284,4.82938707263624
"1",2.08205318187526,0.176244487202548,1.75573403223974,2.44985990695795,-0.00561702819127996,0.359398751292151,-0.70996370871123,0.71626919880371,5.04532796122445,0.538137045603767,4.03051090446909,6.13092312542523,10.6811205922381,0.911531213796907,9.00127190835784,12.609898308284,-1.22354688175616,0.278256788236927,-1.78373409970185,-0.708582311677503,4.12309825507868,0.338707578029497,3.48388719479284,4.82938707263624
"2",-0.988785770924594,0.16614085333846,-1.33644619670217,-0.685156891804751,-0.482314510422795,0.513406148426339,-1.59861114772188,0.427948773156515,4.56863047899293,0.645485204944838,3.32633531493145,5.80845915717543,10.2044231100066,0.935615293578425,8.45938239843076,12.095197129086,-1.22354688175616,0.278256788236927,-1.78373409970185,-0.708582311677503,4.12309825507868,0.338707578029497,3.48388719479284,4.82938707263624
