"","Estimate","Est.Error","Q2.5","Q97.5"
"Intercept[1]",-0.156916001619972,0.611742477901734,-1.46081031115543,0.937276747719941
"Intercept[2]",4.89402898779576,0.727133491601672,3.47196283894435,6.25132081048419
"Intercept[3]",10.5298216188095,1.01530022953927,8.71622120965207,12.6338846501544
"gender",-1.22354688175616,0.278256788236927,-1.78373409970185,-0.708582311677503
"diagnosis_age",4.12309825507868,0.338707578029497,3.48388719479284,4.82938707263624
"time_since_diagnosis",0.985713321678092,0.474400217748665,0.0900460952016094,1.93913032485934
