"","subtype.Estimate.time_since_diagnosis","subtype.Est.Error.time_since_diagnosis","subtype.Q2.5.time_since_diagnosis","subtype.Q97.5.time_since_diagnosis","subtype.Estimate.Intercept.1.","subtype.Est.Error.Intercept.1.","subtype.Q2.5.Intercept.1.","subtype.Q97.5.Intercept.1.","subtype.Estimate.Intercept.2.","subtype.Est.Error.Intercept.2.","subtype.Q2.5.Intercept.2.","subtype.Q97.5.Intercept.2.","subtype.Estimate.Intercept.3.","subtype.Est.Error.Intercept.3.","subtype.Q2.5.Intercept.3.","subtype.Q97.5.Intercept.3.","subtype.Estimate.gender","subtype.Est.Error.gender","subtype.Q2.5.gender","subtype.Q97.5.gender","subtype.Estimate.diagnosis_age","subtype.Est.Error.diagnosis_age","subtype.Q2.5.diagnosis_age","subtype.Q97.5.diagnosis_age"
"0",1.06399395011709,0.087469240432067,0.901486755750253,1.24722674980682,-0.0210624865002794,0.315748977359811,-0.615771728146514,0.610317977420912,5.16410012265303,0.493021299662388,4.23886707188778,6.18666781438263,10.8779998457594,0.860563814559369,9.24860948820055,12.6329314419848,-1.25799533970779,0.2855991123822,-1.80427650341636,-0.70331013333557,4.18184929591298,0.328701058579599,3.56997374397599,4.82454900268501
"1",2.11740970694983,0.170672668561561,1.79573542028381,2.46519737583103,-0.0239877760968876,0.364188742102587,-0.723934166180313,0.70289712247456,5.16117483305642,0.525977597833491,4.17504852330116,6.26695548587519,10.8750745561628,0.879004969279868,9.21046462297334,12.6021382336238,-1.25799533970779,0.2855991123822,-1.80427650341636,-0.70331013333557,4.18184929591298,0.328701058579599,3.56997374397599,4.82454900268501
"2",-0.99395086789418,0.167950404548776,-1.34730481888694,-0.685973111105062,-0.494178542114505,0.514482063589908,-1.62739501708342,0.371490394850925,4.6909840670388,0.644111377330593,3.39110328732805,5.90157944092326,10.4048837901452,0.926510538520177,8.67560603555513,12.2020319734011,-1.25799533970779,0.2855991123822,-1.80427650341636,-0.70331013333557,4.18184929591298,0.328701058579599,3.56997374397599,4.82454900268501
