"","Estimate","Est.Error","Q2.5","Q97.5"
"Intercept[1]",-0.14869763743762,0.556840227846919,-1.33625292295594,0.953229960423717
"Intercept[2]",5.03646497171569,0.676642841666169,3.69032682847686,6.37994513698489
"Intercept[3]",10.7503646948221,0.975166811632208,8.85410763625725,12.6977768395688
"gender",-1.25799533970779,0.2855991123822,-1.80427650341636,-0.70331013333557
"diagnosis_age",4.18184929591298,0.328701058579599,3.56997374397599,4.82454900268501
"time_since_diagnosis",1.03746025165331,0.490874492656594,0.107090962430752,2.02502470070742
